u,v
0.15751763588868595,0.3064803773185799
0.4613157517310297,0.22129128968065181
0.6604985037825924,0.7712118706198419
0.6290615773638835,0.24937847491985388
0.6950227510676252,0.9357972351936673
0.9315533748414849,0.5372392389896086
0.40630286634341006,0.6983700415299322
0.796788268323727,0.3772852979473845
0.5392085885233031,0.43780903096776047
0.8983170388603421,0.0003977660859073584
0.8294860982822355,0.7361660350057585
0.30680270245071295,0.8663256185217596
0.18458296367476235,0.4724734041468691
0.7644947098789715,0.11838606334238566
0.7272315752929662,0.5662568596740281
0.08497061035486653,0.8024788494527149
0.2752968334902228,0.18385480975693735
0.9942754436063738,0.2780014968100287
0.569494939566373,0.6294278020922425
0.2422182171566074,0.6620771149918679
0.4975405575152114,0.900985298932522
0.05395360174562014,0.151773469794797
0.3401838697787464,0.3401966803317936
0.9656932488876308,0.8342545096022496
0.3735989926039336,0.5054040496238186
0.12330597013855094,0.9988542478504409
0.2125135110924069,0.026783692999055808
0.00027677709383999716,0.5940328151400439
0.862599537500659,0.9676472609418584
0.026645132954455253,0.41140262652000814
0.4338843712391993,0.05287747127755782
0.6000276360121319,0.0839163528132838
0.3924847342649438,0.9239004005454299
0.07048950535691911,0.6832766145179413
0.8143293558001288,0.48647127063668205
0.978779697075206,0.10414694592362794
0.9115852947587482,0.42437247658092936
0.7805872370179019,0.8511888625106322
0.25652010092779676,0.39929648309146926
0.03837923102201002,0.2625830312919186
0.197062809222334,0.9125424013732732
0.1373375583620936,0.5814606562143799
0.6160560784219361,0.5221938372427858
0.5088845114780828,0.1326565836792052
0.6789441828959433,0.012595928454181005
0.5841990059329291,0.9519383458206485
0.875899767734394,0.6420280710789454
0.012344145430234876,0.8813891682055647
0.4470851394485652,0.32149318304804775
0.5241557606923709,0.7538767770652093
0.7403048166137154,0.23534006450513967
0.887159353063542,0.294376973142614
0.3567775011955209,0.6075428837906504
0.10003574539117288,0.04023679951299863
0.4195508992420217,0.8143210545070572
0.9475584467498299,0.7212330419710805
0.322297085702546,0.06562779387236672
0.6429969633650472,0.36080509873259337
0.16981759644766636,0.16878244942541243
0.8462155779282757,0.20225831154294005
0.7109459926421172,0.45473876109840417
0.2275213292203473,0.7897665579651256
0.29064276101323894,0.9833486848260733
0.47630964877919224,0.5515592016833936
0.3985066234742124,0.9903884573604824
0.8682364402828997,0.3695716063567577
0.6703648645372422,0.09700721129468914
0.5768827369426034,0.006609075317959956
0.7459070794254287,0.04662782081093331
0.8386420107104718,0.07571695974101122
0.10754484735838976,0.24324612903017995
0.8816018902575307,0.8876480896402189
0.5157818407635075,0.05954987468042394
0.11393690987779492,0.8931696593439082
0.1901939078088296,0.39118031486741034
0.07745502132742632,0.6131883133805259
0.4694191124196886,0.9613280151886675
0.5311754517496307,0.8272714796682578
0.032237903974605575,0.032377942493985734
0.045117213877146956,0.3328202188189828
0.3127614717291993,0.529627285358484
0.7012081208599346,0.16265739042239313
0.36470376132664784,0.43123793087015816
0.771899608656862,0.9299174891628784
0.3862304230592023,0.25601782549530105
0.2693192308975523,0.3001628446726191
0.9393074300102459,0.3486652520413458
0.803832142350926,0.2880126388298455
0.5458847061514175,0.5161023088336875
0.49068790106266225,0.655629130918665
0.6854866153001945,0.8588479113370414
0.8228571856552576,0.5585244107634835
0.3481024311413474,0.17632469499269532
0.9207771481688148,0.21267682199339688
0.5544592150952689,0.19416446595013126
0.2209188268242699,0.22874342520401825
0.006344766678423985,0.7137187655857045
0.6222859735267515,0.4491704398944665
0.019448302971667664,0.9744635029993859
0.41408934914240914,0.5736422905210745
0.9870506745891007,0.02065113941302754
0.8547507858261592,0.8205169622924567
0.26214007386079385,0.7304420760432561
0.284359123963978,0.46423877242027545
0.06263693158549088,0.49371365904084863
0.09354892951367311,0.38399117306072317
0.7202890448747298,0.6354366583203003
0.2049245913679728,0.5440835948253707
0.6093291636569664,0.8744784140337227
0.6353062221515661,0.6763617682727536
0.14659769496893937,0.6698342688487626
0.4545811889818723,0.4178650479365532
0.7885589259921023,0.6488507937520698
0.733320192579729,0.7822357318203795
0.3303747412694126,0.6900597723806841
0.591981174864157,0.7432339735044928
0.9557325978296898,0.6198508250856201
0.9046777619657416,0.1262722245953526
0.23434052333841282,0.11120379744631725
0.29902020174619126,0.7959092030258348
0.7537790836004574,0.7060437876458163
0.5624503746473388,0.3135621811994944
0.4835634610627333,0.4802588957494226
0.42617240255952593,0.13911569739549978
0.17682101567495156,0.8421766399418338
0.16335695439697273,0.7604221028661108
0.6500328334621516,0.6016123293936626
0.9727647937108381,0.9424901370600547
0.0576926716664401,0.08054494671311319
0.6824892860020683,0.21671231241323197
0.7494776291225896,0.29109816369737496
0.13245139814420437,0.11418440406452013
0.9079331228185928,0.48993559995646274
0.5593213336534095,0.8977307363037248
0.736064104307449,0.9717277333775686
0.5037217730196659,0.31790915875652337
0.5500846473514374,0.5844914357940106
0.9283054748772882,0.9206872007858861
0.7998575449081955,0.17993579157734818
0.14935839273039087,0.8055296177320932
0.022811572313826356,0.2057953415650221
0.4863245815830535,0.3801518805499017
0.8513685107437633,0.4575122556562867
0.6323659139264902,0.14228175087155004
0.1935661486576693,0.9795778500860997
0.5657538761271833,0.14740121087546587
0.9443574258777101,0.6649315236601092
0.9013187506018392,0.8385071325595158
0.4519069599193807,0.6233826111176644
0.8265958431013569,0.90678528418276
0.77689477419072,0.7463838510602108
0.44090074920657774,0.757399458259638
0.30992979299521684,0.577808950913478
0.6915667076040961,0.33657466551029114
0.5276185551407013,0.9386954263995053
0.06632067996373603,0.8549420755036845
0.535075450485389,0.9942137586339971
0.45841567380724113,0.17344939508777935
0.8070902089431538,0.24008651694695982
0.11857657592768178,0.5258957727962887
0.7912681199189128,0.7989106305725292
0.11092164121880876,0.15950664504034895
0.8722251453786994,0.7679787242241056
0.23132838887627927,0.3516083624174461
0.08129539558572896,0.1981369079674664
0.46594057832446334,0.0914778563957952
0.8593722290084309,0.5191347277723984
0.3034346688968076,0.6323718774883411
0.1523639693106783,0.016800375331881057
0.3774884082534581,0.6518311409336055
0.5422191849247772,0.3728291398568322
0.17343480818365664,0.2521732790378737
0.3256486744621985,0.9166786649099725
0.8923077472208589,0.5627795506947317
0.24524696238438703,0.9645135375180348
0.9992286998425328,0.6798745267456152
0.29554202416124675,0.12966665300556734
0.5890164312977975,0.4060633910720962
0.5128873158857609,0.2459999120034887
0.16681149944061702,0.07239342507992508
0.9142585726014651,0.7930336024356132
0.4373354959000153,0.9037741275488724
0.2519010904888296,0.6160456413905204
0.09654731975229736,0.7496936412396462
0.6982719022392544,0.403127991111079
0.28748214639728165,0.23196086991986853
0.5004362945768391,0.5970619702761657
0.20171713005297587,0.6265392341830378
0.8104791910249081,0.023544116292036454
0.6741867005146306,0.6457273209757307
0.3956232666478112,0.1010561408243199
0.36144151093936117,0.5554073490761402
0.7158059934084479,0.5092939293621963
0.7854472131298788,0.5908536867036851
0.8195278068807205,0.4208726420982104
0.03555230277248633,0.8114361834722223
0.6193767008574612,0.8176110088604581
0.07366701161991396,0.9458740157081951
0.8952474118350005,0.7021344938816474
0.01630998532440686,0.10749181304376187
0.580038872504917,0.4833504902251411
0.6059285945868821,0.5872267926287086
0.646091800488883,0.9579936560470411
0.22448765974020246,0.44187787078234075
0.33728893380930647,0.2593178834625809
0.09068368608531907,0.44554050499609155
0.8353402229729098,0.32726960961306073
0.6252105980971641,0.036540271322863305
0.5199815356490171,0.6930159002059435
0.3698028065627582,0.043131605171467746
0.38169587613296374,0.778170935886736
0.47253132859255553,0.8615211204012799
0.9627326434392731,0.78653350144399
0.3157850835440221,0.39492866455861986
0.6538838265751044,0.2972310348208179
0.2087309895013093,0.2831290069659026
0.9830321006793148,0.4280101180932707
0.9897908706914796,0.5134028292743156
0.041390484374053016,0.7650805505273139
0.3341120778297225,0.47611376932015326
0.6120210927717125,0.18946340541714068
0.7572701081724398,0.3436551034688118
0.2665720493792517,0.5410324320210643
0.40221869455513737,0.8704261506805976
0.9506802873806228,0.05666988397818029
0.6643442708939126,0.5339760641516941
0.7606486377677951,0.4676816016445674
0.5959361580947045,0.35780017409773046
0.34367442627639067,0.12261436854723073
0.18039355195874163,0.7096676431897095
0.7239014596303406,0.08749333081641708
0.27863840662490125,0.35496012133330535
0.3188884873403357,0.009477646447263122
0.7077191372849873,0.724711513921376
0.35154786082470946,0.8468718980104536
0.12931578034568514,0.7175422458956111
0.2490343409534519,0.8780610438916318
0.7040610304932213,0.2726106434523281
0.14005424360684993,0.3642941667486439
0.9686068146475743,0.22448529654584037
0.23917377327039813,0.4979665269589555
0.049853909487147074,0.5483608434999443
0.9759628470114439,0.5707135501207845
0.4801280315132229,0.8085078844767607
0.49444020781616305,0.0036534528728465743
0.9598850646482693,0.16565151775176135
0.8425285449795163,0.1565837933894928
0.9251459820869071,0.2686262605777724
0.4099038658031122,0.3876241229979922
0.38939554843409674,0.20915975305467083
0.6389500168746068,0.9095270625419289
0.14352881199581846,0.4340455358615436
0.10300291229119074,0.3106225087718556
0.9357515964076338,0.9861220474088614
0.21570752211261823,0.7403333335223597
0.4296904186317586,0.46035538367122064
0.8534030732681661,0.23393948586534075
0.1612717790336018,0.5010447751033635
0.6339751116810851,0.1058974037507533
0.9029891534061367,0.045114745709278536
0.782905274171724,0.21093438848871293
0.658480768393292,0.829595409085705
0.9425046192334813,0.9506648414694857
0.20627290340534576,0.1866621036954298
0.2597422520866369,0.13522136200398605
0.5523327502406995,0.40950233686438875
0.09225764093537259,0.5425440710475263
0.8281944670376165,0.8496572024460699
0.2930376744328186,0.9534202486534301
0.28910328119451023,0.7000101540674241
0.32717085847590577,0.9693538886985864
0.1090543064824313,0.6950383878099182
0.258121499649558,0.8040337783841548
0.15451470815614743,0.40141833944347904
0.2733433034899002,0.06182896069800192
0.018132650459765975,0.36696949410636615
0.967156644016167,0.6859876565745173
0.7787437138620732,0.5453792765719075
0.3909598079682246,0.1499421769268947
0.4281947005168275,0.9333940606617277
0.5067987468656051,0.5280366475123655
0.9191692870779731,0.17159799124716568
0.93773096450752,0.8162897702489879
0.3388263175219802,0.8840305511926667
0.05949637182278256,0.7272886498356969
0.49883659382335876,0.16416367361268158
0.9977619527941581,0.8189101408200553
0.26525064466761816,0.681294364791352
0.3241460144048087,0.8239593858459658
0.8905778132739662,0.0930202570243659
0.14506714493444406,0.9225943983113134
0.2858107979585016,0.8365512230299579
0.10577119529638923,0.5801799098693466
0.2408752256465332,0.17023088659919938
0.6936986242137152,0.977939777674916
0.1257072038064413,0.28078748415970567
0.8855934125269594,0.46187836031041174
0.2142999511211381,0.9477479842464528
0.4881103057226026,0.2865237880329925
0.21088336554825715,0.8642075922464163
0.8649341721203545,0.9276348165347496
0.1355902579581939,0.3297455372463499
0.6015178983561835,0.9765816071692934
0.09514056114036795,0.005032828812111867
0.7137079555297965,0.19987162842971606
0.8407848751374708,0.03864669791516595
0.06098050872648819,0.008003545273850943
0.06860981772029384,0.23665804942399393
0.06438994432760392,0.9818093895928307
0.6414377279545803,0.6435768210038422
0.21715263960762,0.3156650038896712
0.5051071209277691,0.41950234381821283
0.30123229381555017,0.30301257057941444
0.44365113138950996,0.5387638078140248
0.17898289471867868,0.9441153505333783
0.7436492923507081,0.014769968209108253
0.9220999711072428,0.3081943313895369
0.09840359760892248,0.4780141503152684
0.8311284909014579,0.38966475296156833
0.8083829660583364,0.9320870702858935
0.6667606187461936,0.7333465042892064
0.6271302183482254,0.7740149550396004
0.6873350235332057,0.29874605536695176
0.9409128484192486,0.38232682088893044
0.5814606152841834,0.8627945905150776
0.6724161169608311,0.24745239887299741
0.5406453082809564,0.4703147638490268
0.6553883991258957,0.9975267576497334
0.4930751119025948,0.20406486343399155
0.01030713817054807,0.4657390083730679
0.6443511240458693,0.07380217033062664
0.3114296151931363,0.18517808655426093
0.15085591341116533,0.4690356530041997
0.5019593392187417,0.9565794660829162
0.3359879900898882,0.6572412284905497
0.02881514621122727,0.6678274256329186
0.0041525700434353885,0.0705603879084068
0.14802427076558144,0.22656917191609016
0.49594050163489056,0.03494859499311864
0.6029068967194756,0.31198249891201835
0.3790747214770791,0.39790649753475127
0.4215455510509972,0.18174228848491158
0.6894677106705485,0.8008184360028818
0.3712357187716151,0.7381596960372582
0.6809643664063887,0.049424062033852745
0.7480097448749862,0.6039140349727535
0.1832771336100697,0.5750766755598441
0.5564866452906984,0.7114815533561958
0.40832668299961594,0.6370754721292533
0.2771041130958546,0.9139402060244346
0.3876744177948246,0.8437617808834109
0.8210619641472607,0.6633970088918923
0.1719005269622511,0.11658261482306076
0.59833018678779,0.2666421659254098
0.7681159859657591,0.2538797881087721
0.024747352628982755,0.5205885477318221
0.36318791028520536,0.6846897025071367
0.18200338326608667,0.8857118646973142
0.6688543992832299,0.4394286795954031
0.8610502092309095,0.6109617858091705
0.3420501002878724,0.7845613954577655
0.9707502686484617,0.36267002475466814
0.7665873238990072,0.1611867855619169
0.43187894039096597,0.9661630429257115
0.8052909146233742,0.45149381516383924
0.6142681342881491,0.9490692385639924
0.8441736663202702,0.0020214248096329657
0.6366543000215874,0.568534150998475
0.5325848879237827,0.28946963550396076
0.9094033138984445,0.6534331881297528
0.8739444224047883,0.06352772089607117
0.7588649229200203,0.19182528132034848
0.8161526591311725,0.6218172870987404
0.8475802977287299,0.876070994065777
0.4489358181111386,0.2747202435303261
0.6077291625721278,0.6308713811976583
0.44536604392262735,0.8324719207331842
0.7257442937237745,0.8601338553900698
0.8890643709012608,0.33877894749657245
0.0305203105051437,0.6179525443971102
0.4780044394825024,0.2575827576065831
0.5677453427150468,0.2704024311620561
0.30837908271424774,0.744883682547985
0.32088405527993313,0.43598923830235004
0.5254284313293434,0.34188170549612373
0.9772636124547024,0.3194332347159208
0.46278495328966207,0.01096240495451506
0.4674172353446714,0.137503987544927
0.41803974313241943,0.27656337778799367
0.906440337254157,0.37855300995723795
0.45653713993813627,0.5764720071096899
0.8968285450562105,0.9917458244479272
0.24680437948734257,0.08244009383105178
0.3545508541803948,0.08558399821367413
0.35853642604072977,0.30465263892393435
0.731413202676927,0.37578977843771055
0.8788002782648374,0.1537619481802861
0.6474962919264574,0.7077054635936967
0.7062979819764438,0.23880527296295662
0.980411618750891,0.895495401376947
0.07223984582991994,0.407887833927451
0.26787719349289496,0.2653145659608286
0.884267307044296,0.19591540604116864
0.43534929305189574,0.6716715703294647
0.11613697822040614,0.7914848244176208
0.9267572780590815,0.8565058759765134
0.08657330323684453,0.09015454217492214
0.8122262106345016,0.5239282237999522
0.9456752821645343,0.12458027175331032
0.984322875238366,0.9958259514929969
0.021090971277769377,0.8453472982866541
0.547845478167136,0.11984455263126836
0.6180340177109692,0.7230537387174807
0.21914733263680575,0.5890560727730755
0.0482421109307507,0.2927686618330606
0.22893039815803395,0.9023551279409163
0.7179881843819615,0.674052187045748
0.20309896149417983,0.822385570170505
0.1917760208034549,0.3347270026134682
0.9575106632759975,0.4469967433947717
0.7383043672067426,0.7346857059160764
0.9234436104302606,0.7519277330354902
0.40496882932242195,0.5318749961540735
0.5754303353950919,0.5611966015183248
0.5293264265257297,0.16734278180107143
0.79356773869383,0.696857405792821
0.45037769106761316,0.35940546149457986
0.3751659508366755,0.8098736120077547
0.13402791665240643,0.6278355194324171
0.14182764652144741,0.8688747333337362
0.518074092864612,0.8726765810888276
0.18616129286261018,0.4261206145167088
0.9641762876224779,0.7481247560046402
0.7299661228139354,0.3312827477066653
0.05158045392173549,0.45297942462148166
0.7554365223854581,0.41329931071938864
0.7699954519752391,0.06743249636531501
0.3972152639420903,0.3248207880634105
0.3463949194870012,0.2150701913024442
0.16486914148490805,0.9889508388788241
0.1953446030448277,0.14389800163145228
0.5829051637169848,0.4437483957198981
0.7731992885140403,0.9598790690239127
0.2550318549693348,0.018813886097660326
0.10144835537191532,0.9252609740241349
0.6306632365042723,0.3936407844969956
0.7123481585441436,0.5956700356878784
0.42429197148986775,0.7287107378949617
0.7953846304098913,0.3461610803402092
0.4739933205301716,0.7557809655599207
0.08917352605856521,0.5116573756694162
0.7215947993165028,0.12758619206608057
0.8492701475639328,0.28500320957601155
0.12070145996590254,0.2075247590231164
0.2969298980699735,0.49950637258776376
0.9000101129902379,0.5924756162761693
0.6761011496667744,0.3709378762543466
0.9534896764902507,0.41517987907130294
0.3142492242438115,0.09507766482671665
0.8704514563022839,0.853183951746138
0.7510727540683502,0.6602815592024465
0.014363142891310576,0.9407494644001804
0.578253962438722,0.7804016344291573
0.5708657661470422,0.06911421311342514
0.9612200398627805,0.49173787590299756
0.9165567570219249,0.07779890083400598
0.991229987044181,0.054153504393466445
0.511415883476325,0.09857117654335978
0.23680302825195232,0.7037204989279089
0.36003739025026826,0.9627870511159127
0.08341400920419861,0.8909646368118788
0.9962398265526368,0.7693851837500298
0.8175547115529979,0.10922433976599288
0.6838162644004633,0.5645675586843779
0.802347772158427,0.8798014825703168
0.46416614248306287,0.7162216523260919
0.5369348759424383,0.6471918631701135
0.002197460552295971,0.7757075208278714
0.7619896344479341,0.5067835270081079
0.933298163775795,0.5720140538692127
0.88299376859971,0.26063895948276783
0.1991266294619538,0.6781794838785008
0.3054682608855158,0.6665113127312352
0.11222025708909966,0.840241883449341
0.16830774617518807,0.5468812102667057
0.5938790117425475,0.21841748429283314
0.7416639444819944,0.899498099974735
0.41224068504972367,0.6060100851295418
0.28160463539811176,0.599042516100358
0.36708844200567703,0.4745991580540445
0.043256674655854144,0.9192709372256549
0.7745388179235252,0.030659073033862616
0.34944526803454357,0.3859623335298855
0.5863000124157363,0.6872587935566206
0.5725939790791075,0.10262339387183417
0.13085498415539598,0.7624043643211371
0.1753695778110531,0.7881346719359014
0.07537621654258087,0.35653052874188385
0.6525281504914021,0.4952614769144714
0.6965023759906026,0.48205970860954384
0.00855097005223926,0.14578880624337975
0.5225430094976496,0.4966653222502614
0.4165851768952368,0.2417911447960559
0.43914603329996527,0.5034613622610087
0.40078767651143166,0.43256322006991244
0.9299325572109611,0.025395688236390823
0.18878418623036108,0.2199585661686817
0.3841334315236359,0.3656967197356893
0.5436123154565725,0.553449206913562
0.8562055048767689,0.4223878297784902
0.6571216041383698,0.1776983475101046
0.2716411936065506,0.6404402479858825
0.4667210037270342,0.04380376578722878
0.23021399089488082,0.03741255617617978
0.8485604887736246,0.652587340560102
0.8803803001276922,0.5362004131113752
0.8655725393210282,0.798097435818333
0.27063215227086046,0.8848490595063606
0.7579103187328605,0.82661148465793
0.8602818862189409,0.32039720359730783
0.9306844885446205,0.6122210085939525
0.889899007072331,0.31434794262990484
0.7545731382181347,0.09778799744544309
0.25883563723739966,0.5045452397039372
0.12228953720281865,0.9261821962748634
0.5057246994541248,0.8195279718843422
0.11483467443194895,0.5562184527241746
0.3799983945138915,0.5758216050703502
0.19088514657222366,0.6083007569713649
0.08068037841466502,0.3235734372493335
0.7292712438603892,0.30965203002718433
0.03348356899710048,0.3829979421693436
0.9969094246100404,0.3478706617210682
0.5193139074156919,0.5544195974459784
0.22552345828308484,0.42168855478359224
0.17439171782304852,0.04849458227196646
0.45118844553353243,0.24510028233503256
0.3470309593035903,0.4557407307994942
0.1984208467615416,0.7280342413783699
0.21016516249231165,0.6564171236607336
0.6490970117635326,0.21183446145851137
0.4383365962375816,0.08148398013846636
0.28820838645693647,0.550037452711099
0.8152657043053134,0.06826310555190063
0.3310221448300942,0.6255829745384388
0.8675262181080758,0.7473670702663014
0.1711846164610744,0.6770987190248167
0.59916117033487,0.708542469191227
0.8836538793510554,0.48407461193713885
0.007864689896093902,0.8253928831271716
0.49188007465087036,0.9876405087679863
0.9128486611353276,0.4000881656528953
0.10479819981353178,0.22232892758527967
0.10830146476894675,0.18864753691089065
0.9019649700484719,0.8766954816574721
0.8452094963973705,0.7152615310717714
0.7866546246034223,0.4826907902744818
0.3917544407175144,0.891950122211263
0.011032621440349888,0.2567893476071421
0.514035897986198,0.6579441422246665
0.5414068237934746,0.22371048306735009
0.3040717187519454,0.8461574758483994
0.24814503547777556,0.4664399468694379
0.6483200999863272,0.8031593249315631
0.7904309573735042,0.5124948318557868
0.526344358466658,0.21008817168623228
0.7564192924904063,0.535495687261146
0.6086258252298514,0.48142075018551944
0.5609487008588433,0.5417978670954396
0.8617526348503638,0.029992284002114067
0.15969837918278196,0.6067040430396946
0.9106756511028123,0.34119468233315253
0.5582320840844456,0.6658190116583507
0.08219076322172136,0.7813719867183654
0.7519211673596979,0.3163068651402565
0.44642357501527385,0.1448996539063354
0.5670930501369078,0.39050275242382804
0.1585873978947544,0.2795642681532241
0.8131192509329653,0.8107021727444602
0.8236322930908063,0.17865273212742383
0.23834582576190755,0.2507916667454335
0.9566838473593954,0.865478543935945
0.1621029969525829,0.8864857491370483
0.37221524804499895,0.32859420677004747
0.12403761423740856,0.47941471055175533
0.11792263690067317,0.35417236528159113
0.8434431518835566,0.49093065919955425
0.58817733150859,0.9996610201562314
0.8933484529802092,0.9542864667462518
0.425426829671945,0.9896760120928134
0.01723646975992965,0.04745118934635961
0.9590869588706772,0.09422152463364719
0.999982488442239,0.09226689968743984
0.5429833824041141,0.49299997800170836
0.6718005340770477,0.6172719795652378
0.7392208902190904,0.15722850262005406
0.1557835399297649,0.736909459137326
0.6516926031972128,0.46320847169017954
0.24415738685431565,0.7511801379936851
0.6732804027885735,0.6789576706353934
0.09293410589470852,0.710654777801551
0.029866272394770244,0.34952883617399033
0.857326489747688,0.692027913701495
0.2659746345804469,0.7687386495488497
0.3537648662251375,0.060438784978159354
0.8881878684931093,0.019985908364165916
0.41125534927657104,0.6705365969467552
0.2511222636061703,0.5250274899268101
0.5951893436337499,0.6610166345999664
0.39966265272966073,0.07892425881606835
0.23518394855297553,0.2716880340162283
0.17835581427998304,0.7414028712082661
0.8363618424335881,0.8078578762843839
0.5639022742013978,0.9839849528212787
0.7709548990052254,0.7720925705254983
0.1960623992005993,0.5028516843912108
0.690699247139789,0.8392273805540734
0.03485296973590435,0.15791560522360282
0.44263330689431857,0.1930711884838402
0.5735227023009735,0.7238391605033258
0.6151995101121802,0.7967393824527118
0.797512131296931,0.8308913344266358
0.48124478237155455,0.9159019994604787
0.318273019017697,0.941867911708212
0.26052124057145676,0.7053071277872386
0.9934869048718982,0.14314698868263076
0.05552956186023339,0.39263389365669865
0.17272921643675387,0.6377796528704242
0.08850219784518365,0.66425021291794
0.5746301747778094,0.831725658603067
0.6562832549671817,0.8752838277168612
0.03416182824474967,0.7455603024785848
0.136509686436462,0.5101476846734042
0.020336228853204963,0.12837695446753306
0.3574626326362542,0.5772068731797807
0.868863194823873,0.12524801055455326
0.5399861953611764,0.24676162386957357
0.3105924201173943,0.21572032799443763
0.6545665365863872,0.25843016021575393
0.09594716421048288,0.27718140776428035
0.8915575770624519,0.9175823704296828
0.5103684404433779,0.7997673767862538
0.3559403695096469,0.5346938373132545
0.4206290386581657,0.3535043234222145
0.8500851722171872,0.77642748804424
0.7983816847047679,0.08642823504739694
0.11962515003750063,0.43708996176274617
0.1101279401244426,0.45656714289038514
0.48904207996330296,0.18281078860107702
0.21809198550270836,0.39677201231532033
0.9906120124941807,0.8733119958911745
0.7369690011768539,0.44993117189771126
0.3640853134746559,0.792371096944494
0.23764778532885655,0.6839029729042115
0.3744526881907727,0.07650539174293114
0.24746000976933347,0.5834959317524904
0.025360429009973817,0.6944074812433981
0.06933184951304694,0.05063078275342725
0.8580994614040948,0.9952144831846805
0.8328790927604286,0.9669838002189793
0.5913500455222321,0.9115844089420951
0.01562631808151216,0.3171216359221375
0.22168144992097416,0.5110476046173995
0.7991084464548666,0.7594898212716619
0.19979449539497007,0.7029164906103434
0.15646146893073554,0.8446473944082477
0.7281038785618835,0.2695876173620333
0.9815866469317356,0.17097080931872366
0.6231973394630598,0.8413059291625596
0.06018270872253251,0.6008292549165513
0.954562212572338,0.8887172929824889
0.44962610988807394,0.7326919296400551
0.7193463302363192,0.8895173246811854
0.4534298546425123,0.47524626170680917
0.5491273968329363,0.9371768656865472
0.1459528274435561,0.134278505064945
0.478806597721534,0.5003493281139889
0.44810030711301196,0.4428756143026158
0.43104779970973683,0.024433552562149963
0.11289516060948257,0.10844937509169661
0.4856288497777719,0.07965427475910503
0.3382274146862133,0.9452558807088358
0.618665363997289,0.9061577641933029
0.10675055242795806,0.4145652871385185
0.9926809508396212,0.6139338212345506
0.8398299932736506,0.6166715812696235
0.4331037407694417,0.39605040450313966
0.388709670448839,0.05003015506674369
0.9185271515228319,0.9685282354828488
0.948792549120316,0.5898952864131672
0.9664898830579352,0.13097280072630613
0.6332141952516616,0.4293759065529571
0.4056957599416824,0.45923075032776384
0.7034027991853846,0.11253022415206149
0.46496406922492717,0.30369530636542463
0.3047165866068283,0.4683586001296469
0.9746850140334251,0.7186675489272899
0.8243817832372073,0.2612549048595708
0.18799438074734798,0.8648483654519473
0.8254541471016326,0.3057978902511037
0.16911997741952256,0.9132974115724388
0.3854042248176188,0.9636174392700434
0.6210137669630632,0.5475177600862162
0.7167082096241085,0.8015315741789922
0.8523233975450089,0.5693188725274342
0.14107855782160106,0.6957134870645466
0.6749282837420935,0.4649403065780313
0.6042258304996679,0.1101982954492966
0.791987703783803,0.06286560833020383
0.570264008244079,0.42512878471205073
0.28373089886270886,0.09949073048297363
0.30203428948261035,0.03338496155052251
0.20555781518418637,0.05824315047613848
0.17960571329734132,0.5214259951376945
0.43597172982963484,0.5866014193479198
0.5793010470728841,0.8066945346529946
0.949821998533681,0.2006485067208713
0.32160762600705217,0.12200547733683742
0.8115214586271022,0.5915631330418597
0.3231716594539723,0.2737472878801044
0.04667958558634522,0.8948532549306547
0.6395842759615008,0.011796881550545812
0.9290030342781758,0.2408916346486073
0.2263004049912365,0.5621312209429564
0.7527115156503125,0.6394719347606084
0.04748898088850506,0.6451085244395494
0.7347768363130014,0.833165138962002
0.9086944981302337,0.6302503951699634
0.3352094196694445,0.5230671539218359
0.5616375593649364,0.7505025660211744
0.20066154181873586,0.16649167041453883
0.3661657248897636,0.9924131100467606
0.0069605966702168676,0.3430054938197007
0.08752996055199946,0.9771965674721462
0.7430176964097128,0.11512573399621295
0.27644162912116954,0.44042844732693176
0.5211675337326344,0.45222213491485563
0.455498529125799,0.8132600423066962
0.4173873501499198,0.5144899889151031
0.3456276114174024,0.7490022804149292
0.9738197480166936,0.19698822943609018
0.926081885811952,0.14110610348068398
0.21178573221004293,0.001040645656673611
0.37819776283198514,0.6286167601069084
0.17747214986528914,0.190866598355116
0.25748445429958544,0.22975972650669407
0.28303187575799227,0.7585346061625653
0.40316964577997205,0.12061180400415006
0.5096817947285925,0.6243193413568129
0.7232470262859303,0.4188414766524693
0.0368195815578678,0.4318465449453388
0.6100225677148864,0.40417369861170094
0.7005763314867537,0.5396559748289762
0.9693559165157579,0.034139332323204874
0.9718439149072952,0.28241597383678385
0.024076389232380646,0.0027465713278035375
0.3075584741683558,0.6098249424030905
0.9985889441104264,0.37932609407684437
0.5535135828386322,0.6892309717317794
0.6678844314746415,0.9708769306544718
0.5166959666346396,0.18588337854605508
0.2200357222292164,0.7663678849147683
0.25267157897941317,0.4202497833990647
0.03127966202257171,0.0716801564504076
0.05869345502159029,0.3720489824487414
0.6203572840972945,0.33200567783584456
0.2868241409997184,0.8718660702231525
0.50297758793682,0.48558130358994367
0.12854420591323734,0.08931911410209459
0.6315596146409213,0.179260103353023
0.6507714082191538,0.9311937241218449
0.750406324378417,0.2675849248958758
0.9886788290068341,0.47388885389891366
0.8029589958486627,0.004300104700112994
0.32641757023414575,0.4988732179393882
0.8342597299867759,0.5854914906128771
0.9861143608454868,0.45064089660849804
0.9384189253132846,0.4879549409638231
0.7223979149904332,0.939633814871499
0.40384500324972394,0.028338053458290546
0.0034289458664914507,0.6499298962832719
0.33203384454798446,0.559423992781622
0.9370646033700559,0.08310961219024515
0.10209039852834523,0.12903803556120086
0.005180170218403335,0.5019123058721987
0.9134549702451935,0.9017527095255081
0.47018461652311105,0.93482364344945
0.17605109487796877,0.2981477066883442
0.13941677330420643,0.16948252073695547
0.04407757763430897,0.18750684242364113
0.23608091446749768,0.8428879293294658
0.47497802249050003,0.155732601035804
0.7325700428822187,0.18076430428981216
0.5121059667489741,0.5792792728223616
0.8777436642475486,0.508182730097451
0.8061489044107951,0.7223288188367649
0.809189511900126,0.135894422054453
0.6282072397805243,0.46966715426010175
0.4967241825638249,0.45857359210146964
0.5761295487744899,0.5979278133178494
0.38695590652967526,0.7195149726710044
0.9513040758806557,0.2600214711830343
0.3505505784810078,0.634561986687723
0.8379222190703363,0.35278415879667957
0.013346283994929542,0.28870032818107283
0.33344870882199174,0.6024131110938455
0.8961505012226203,0.6756227957271332
0.6360258330815561,0.6206106973439581
0.6943309898767067,0.6333024746649569
0.6696575236154766,0.15888014786640137
0.4271432408361695,0.8519852543993678
0.27780313110276966,0.02758048160282278
0.872954283305645,0.40509024406996075
0.7818856700557015,0.714424059711572
0.09158429314404481,0.8680205212867343
0.7049452176821401,0.042319868901371516
0.7656062482448922,0.9852624012697987
0.30280952982253484,0.9269508428990983
0.5342081417255539,0.13825495618463335
0.5602229164990731,0.3394295435668645
0.5508754281808593,0.848701195165085
0.29207151912360385,0.281676677720048
0.4845131841378687,0.7773773751283635
0.36775914772816765,0.10354256078129975
0.6243359289243375,0.2278203438126012
0.3760937783779299,0.022261321881335894
0.3443854571725006,0.9846063346549483
0.4713532950904019,0.8374482231004503
0.06173205470149323,0.21432537460470558
0.8976535045660627,0.7644751606640131
0.1895355226610156,0.27545034336365615
0.7876758437137428,0.41061228952509354
0.7627414874238645,0.38844938116121175
0.6780481937755557,0.9966994632067387
0.9244957597658805,0.8805545563630374
0.905553478980988,0.8152794241349789
0.7895491437599585,0.13030973716317518
0.6453662775781349,0.23282291676265265
0.8011469774550679,0.9106401623160137
0.73408893969074,0.5432209795743764
0.6880364067812056,0.7790683258396006
0.9400490512383073,0.1050584096617534
0.3831744576067935,0.5311900042228653
0.507932661752131,0.38494616437087337
0.5174228139324276,0.9149400675339264
0.2329360020365152,0.928645918191009
0.2039950140303307,0.08489705285203286
0.5649651981313331,0.24443167284467682
0.6800201775554722,0.12359615312090244
0.28005988711380936,0.38158613286107157
0.26313169011444715,0.3380496607213348
0.0943020278425587,0.06456422095370662
0.9700742637965893,0.06640615641038172
0.40916862923348285,0.7550510489291565
0.4825811530018961,0.3447983806115432
0.5451120161255796,0.7951590357053043
0.46051796214826246,0.7732413090676005
0.8715170657168202,0.668973060756776
0.35304076491770575,0.2360118314362566
0.22346606313332162,0.9809183181266282
0.0457463269506726,0.23131103732957414
0.31734061656947,0.7130006585293307
0.32827719949899214,0.41246212758150513
0.6112204490707037,0.0517405847598964
0.4400026301582558,0.29591694988298123
0.12764220044788877,0.25006339677884615
0.5469213202613342,0.8791868600444922
0.7944206098302614,0.9755392640764825
0.7087020041044094,0.3650467240094386
0.6050365345050647,0.160178581266329
0.03994364042250731,0.48717792137059435
0.5718010329639824,0.3663621692699782
0.3411708808079854,0.04123677134347814
0.0637525711019008,0.8216202921254866
0.47708197525301177,0.5287988394356664
0.30022444621708344,0.2484256701604025
0.6998295862251293,0.1333259433435222
0.12467797681614257,0.13650599719027445
0.7961371447931039,0.31502645694223985
0.6661111227391305,0.4161368304719528
0.659439115304671,0.029172930245324413
0.29437039946372734,0.4170512752170974
0.5685908249966187,0.17446333090137955
0.9633448949579241,0.6541236903912543
0.15347580680538897,0.19511613586652665
0.7845194643505079,0.567490902706183
0.20703502880966185,0.7904962448391151
0.4415992835217015,0.8672381127394236
0.7635318091257709,0.7943709446516244
0.04909113345401639,0.6976275727110788
0.2024708801074846,0.3685625299691251
0.1659667957572969,0.32589744162856216
0.8303034693535222,0.9434775946593242
0.32024181870950463,0.1531112593502315
0.17047576131497122,0.3634473283478413
0.9155445903187052,0.44844848580261154
0.6633865058165604,0.9464880055565642
0.21311586840181174,0.4713994083859029
0.3690528598179499,0.16336652062427404
0.837181040553012,0.11733642816638701
0.13483969947912722,0.9498435951870646
0.21646376253048116,0.25293684540221106
0.07436393672833985,0.5638786786452977
0.32491277741308855,0.24258723361330659
0.8822137309595648,0.8285309929468062
0.009330232681828199,0.4233470392209878
0.14269564181599137,0.560399555844143
0.027722387054643804,0.7887980670886614
0.841526008961357,0.5403959545423545
0.44453788060629673,0.6480694337680698
0.8183810128979346,0.7874912289093307
0.4897762459783591,0.23036971148195629
0.5555660456930887,0.9572680321591397
0.9348722328093341,0.005824630844607381
0.3327804264774,0.3702573607673052
0.407565626071856,0.9651874749313839
0.5973930983772447,0.5523764434703319
0.07298098869224467,0.6444752285042306
0.9879914871992977,0.6506530300394363
0.9823580030650587,0.3918065931445137
0.050748329300027706,0.6189978073761138
0.05685286811157275,0.7936826629225352
0.9469039449655149,0.14814616560762983
0.24604086539073844,0.29520665021729486
0.27227466585611015,0.48897816690357565
0.3808116718102287,0.19017035491662293
0.1318522153289905,0.9080311109508422
0.8633726939961935,0.09585452805902173
0.4234035565324803,0.11350892584894201
0.8940144919312006,0.35860601507178025
0.9582893207549149,0.9216383443948414
0.0713163686587378,0.29046834542680344
0.3149250391965962,0.770230012830471
0.8748751270728979,0.5729184873086064
0.042570900518115073,0.8350490670635389
0.250279746903467,0.9055144182533443
0.1811552809040926,0.00732484238773512
0.6653209617766,0.8575886890041042
0.638014511288869,0.5270617754337644
0.22232443939923285,0.20306717155815646
0.41523188207316575,0.2082841329292846
0.3523979797892808,0.7203674934615878
0.9178305220596129,0.7122803956094437
0.9524323082210903,0.3019929443722491
0.2640766871852418,0.9826261526970154
0.7094671644774212,0.3186562521161469
0.59670723571948,0.13982827775648088
0.4682426483210511,0.68202149765047
0.6957757542269928,0.6992319369597431
0.5903368992625608,0.33348114422773856
0.7246226822639785,0.055425169220345794
0.8169136954959744,0.20684254245758216
0.9952681727170625,0.2551593201492216
0.25584628724637126,0.36796397770674794
0.6298105661840806,0.7425800745439481
0.1263213989773042,0.4020671602903695
0.04073680940504876,0.9735886590534165
0.8219881564051095,0.9930404451213579
0.7130381102289189,0.29345882289738634
0.1269535296587384,0.03561260062740379
0.24310799704297958,0.322176974081926
0.5283573165538453,0.7255336530588288
0.8321230345697808,0.7657251190712963
0.702312119717385,0.017775069085114503
0.5850870263822748,0.6427417170359944
0.7597286264956704,0.5784217729795954
0.0011743135624919798,0.7392168342956346
0.39009266817140387,0.30130293003930475
0.2936776707709705,0.8941748309839753
0.36533987496761366,0.7636844400259282
0.769005650537865,0.8695890503406599
0.9416990889452589,0.6936351864032886
0.56323854693993,0.21331501205307257
0.6626293066256963,0.27886908321456416
0.9072794548555366,0.14920716478912888
0.6925608232723255,0.07499077544647537
0.7101593072856616,0.761057430959571
0.13877939796176775,0.057373275097522436
0.6134016085279171,0.015782613407759438
0.5835388866871476,0.5326319901611531
0.4347400599330242,0.7855589982626239
0.7353988863966868,0.48485988855926565
0.4635190235845218,0.882635553304961
0.7466996694232898,0.8503428432163795
0.3944826276498402,0.5573019496742831
0.3592667455227735,0.28396148092670515
0.6066544759976229,0.7566168367653135
0.6173029606751845,0.37490878402848826
0.47335042420300444,0.4301521836871729
0.07669076107945927,0.11904704630145635
0.9795793666455613,0.9700412172358208
0.6618900383829055,0.8964228325630104
0.0677613207029435,0.17250105383941117
0.5269551187429155,0.7797821145817123
0.7927343962379597,0.039474076464482866
0.4871866300513399,0.5824435412010363
0.7451589071617105,0.6853346924913997
0.5385089598471632,0.08815060926992369
0.25403954949097807,0.20490121738205702
0.7797828901273136,0.9087686585876699
0.93233687728547,0.6387740347496795
0.30904066357880555,0.33552229852254645
0.1170721888045747,0.6051359202877785
0.5358298892886529,0.013817400113105727
0.9620598793485229,0.5378976924761336
0.5664929672804393,0.5176874154971356
0.6864118864412821,0.5883053006201584
0.6848051365740628,0.9182916229082823
0.7757159920697533,0.36199972183825135
0.29769896673703533,0.4478360723709993
0.08425914488078678,0.15494769096311922
0.26724928334643006,0.8230696126890916
0.4996974798721805,0.7264118829771536
0.5573183180729696,0.4535880445143333
0.22813220500689568,0.6154483870559735
0.9039258188773983,0.23753365101222534
0.6973726265481316,0.6586046305310151
0.10403673404429625,0.9554908009128684
0.8662671174961181,0.34713333744076347
0.05253102577222024,0.5170830351462857
0.07877926801752688,0.2640726787032881
0.5300290691498806,0.6030379449475479
0.4227445153131598,0.433409599882833
0.8272860017041294,0.6884940762779587
